"rank","name","position","team","comp","attempt","pass_yds","pass_td","int","car","rush_yds","rush_td","receptions","rec_yds","rec_td","tar","pct_rost","pts_tot","pts_avg","games","pos_rank","pos","pos_avg_var","pos_med_var","val_adj_avg","val_adj_med","val1","val2","val_adj_range","val3","avg_val"
1,"Jonathan Taylor","RB","Ind",0,0,0,0,0,317,1546,13,42,341,1,54,99.9,335.5,22.4,15,1,"rb1",58.5333333333334,67.6,0.211337104344687,0.252332960059724,67.8348778433025,70.1306457633445,0.774341351660939,99.3631156930126,79.1095464332199
2,"Christian McCaffrey","RB","Car",0,0,0,0,0,216,944,7,90,681,2,105,99.8,331.8,23.7,14,2,"rb1",54.8333333333334,63.9,0.197978096040438,0.238521836506159,67.0867733782645,69.3572228443449,0.731958762886598,96.9896907216495,77.8112289814197
3,"Cooper Kupp","WR","LAR",0,0,0,0,0,4,25,0,114,1348,10,156,99.9,322.5,20.2,16,1,"wr1",62.6916666666667,64.65,0.241299676043237,0.250727166957533,68.271482182378,68.7899941826643,0.690705128205128,92.988782051282,76.6834194721081
4,"Austin Ekeler","RB","LAC",0,0,0,0,0,204,894,8,66,611,3,84,99.8,294,19.6,15,3,"rb1",17.0333333333334,26.1,0.0614995787700085,0.097424412094065,59.4439764111205,61.4557670772676,0.298969072164949,72.7422680412371,64.5473371765417
5,"Justin Jefferson","WR","Min",2,3,19,0,0,4,24,0,98,1367,8,150,99.8,287.9,18,16,2,"wr1",28.0916666666666,30.05,0.108124579016583,0.116540624394027,60.946851845912,61.4097343416715,0.321047008547008,72.6575854700855,65.0047238858897
6,"Ja'Marr Chase","WR","Cin",0,0,0,0,0,14,82,1,84,1258,9,131,99.8,275.7,17.2,16,3,"wr1",15.8916666666667,17.85,0.0611668858453346,0.0692262943571843,58.3641787214934,58.8074461896451,0.190705128205128,65.488782051282,60.8868023208069
7,"Derrick Henry","RB","Ten",0,0,0,0,0,344,1466,11,29,217,1,37,99.8,268.8,17.9,15,5,"rb1",-8.16666666666663,0.900000000000034,-0.0294860994102779,0.00335946248600237,54.3487784330244,56.1881298992161,0.0103092783505159,56.5773195876289,55.7047426399565
8,"Najee Harris","RB","Pit",0,0,0,0,0,276,1136,7,59,390,2,76,99.7,267.8,17.9,15,7,"rb1",-9.16666666666663,-0.0999999999999659,-0.0330966421952099,-0.000373273609555677,54.1465880370682,55.9790966778649,-0.00114547537227911,55.9358533791524,55.3538460313618
9,"Dalvin Cook","RB","Min",0,0,0,0,0,257,1142,10,45,359,1,58,99.8,267,19.1,14,8,"rb1",-9.96666666666664,-0.899999999999977,-0.0359850764231555,-0.00335946248600215,53.9848357203033,55.8118701007839,-0.0103092783505152,55.4226804123712,55.0731287444861
10,"Davante Adams","WR","LV",0,0,0,0,0,0,0,0,96,1156,7,136,99.9,260.8,17.4,15,5,"wr1",0.991666666666674,2.94999999999999,0.00381691631651541,0.0114407601318596,55.2099303974083,55.6292418072523,0.0315170940170939,56.7334401709402,55.8575374585336
11,"Deebo Samuel","WR","SF",0,0,0,0,0,60,373,4,68,983,5,104,99.8,265,16.6,16,4,"wr1",5.19166666666666,7.14999999999998,0.019982679539404,0.0277292999806088,56.0990473746672,56.5251114989335,0.0763888888888886,59.2013888888889,57.2751825874965
12,"Stefon Diggs","WR","Buf",0,0,0,0,0,0,0,0,93,1147,8,142,99.8,257.9,16.1,16,6,"wr1",-1.90833333333336,0.0499999999999545,-0.00734515828976499,0.00019391118867541,54.5960162940629,55.0106651153772,0.000534188034187548,55.0293803418803,54.8786872504401
13,"CeeDee Lamb","WR","Dal",0,0,0,0,0,9,59,0,87,1140,8,133,99.7,257.8,16.1,16,7,"wr1",-2.00833333333333,-0.0500000000000114,-0.00773005741411935,-0.000193911188675631,54.5748468422234,54.9893348846228,-0.000534188034188156,54.9706196581197,54.8449337949886
14,"D'Andre Swift","RB","Det",0,0,0,0,0,202,858,7,66,502,3,84,99.5,268,17.9,15,6,"rb1",-8.96666666666664,0.100000000000023,-0.0323745336382235,0.000373273609555889,54.1870261162595,56.0209033221351,0.00114547537227976,56.0641466208477,55.4240253530808
15,"Joe Mixon","RB","Cin",0,0,0,0,0,268,1125,10,42,281,2,51,99.8,263.7,17.6,15,9,"rb1",-13.2666666666667,-4.19999999999999,-0.0478998676134312,-0.0156774916013437,53.3176074136479,55.1220604703247,-0.0481099656357387,53.3058419243986,53.9151699361238
16,"Alvin Kamara","RB","NO",0,0,0,0,0,209,839,7,57,553,4,80,99.7,257.2,18.4,14,10,"rb1",-19.7666666666667,-10.7,-0.0713683957154892,-0.039940276222471,52.0033698399326,53.7633445315416,-0.122565864833906,49.1363115693013,51.6343419802585
17,"Tyreek Hill","WR","Mia",0,0,0,0,0,8,59,0,88,1090,7,130,99.8,250.8,15.7,16,8,"wr1",-9.00833333333333,-7.05000000000001,-0.0346729961189338,-0.0273414776032577,53.0929852134586,53.4962187318208,-0.0753205128205129,50.8573717948718,52.4821919133838
18,"Leonard Fournette","RB","TB",0,0,0,0,0,216,927,9,59,391,2,73,99.5,269,17.9,15,4,"rb1",-7.96666666666664,1.10000000000002,-0.0287639908532915,0.00410600970511393,54.3892165122157,56.2299365434864,0.0126002290950747,56.7056128293242,55.7749219616754
19,"Javonte Williams","RB","Den",0,0,0,0,0,224,974,7,50,358,2,61,98.9,248.2,16.5,15,12,"rb1",-28.7666666666667,-19.7,-0.103863280779877,-0.0735349010824934,50.1836562763269,51.8820455393804,-0.225658648339061,43.3631156930126,48.4762725029066
20,"Mark Andrews","TE","Bal",0,0,0,0,0,0,0,0,81,1008,9,122,99.8,234.8,14.7,16,2,"te1",55.6583333333333,57.8,0.310694515513793,0.326553672316384,6.55347257756896,6.63276836158192,0.553639846743295,7.76819923371647,6.98481339095579
21,"James Conner","RB","Ari",0,0,0,0,0,224,904,11,45,337,1,52,99,245.9,17.6,14,13,"rb2",23.9166666666667,24,0.107740821382987,0.10815682739973,27.6935205345747,27.7039206849932,0.550458715596331,38.7614678899083,31.3863030364921
22,"Aaron Jones","RB","GB",0,0,0,0,0,178,817,5,59,502,3,75,99.4,252.6,18,14,11,"rb1",-24.3666666666666,-15.3,-0.0879768925261764,-0.057110862262038,51.0732940185341,52.8017917133259,-0.175257731958763,46.1855670103093,50.0202175807231
23,"Cam Akers","RB","LAR",0,0,0,0,0,270,1103,8,36,280,2,48,98.2,231,15.4,15,14,"rb2",9.01666666666665,9.10000000000002,0.0406186650649447,0.0410094637223976,26.0154666266236,26.0252365930599,0.208715596330276,30.2178899082569,27.4195310426468
24,"Travis Kelce","TE","KC",0,0,0,0,0,2,7,0,91,1028,7,125,99.8,248.4,15.5,16,1,"te1",69.2583333333333,71.4,0.386612085407266,0.403389830508475,6.93306042703633,7.01694915254237,0.683908045977011,8.41954022988506,7.45651660315459
25,"Keenan Allen","WR","LAC",0,0,0,0,0,0,0,0,93,1028,7,138,99.6,240.6,16,15,9,"wr1",-19.2083333333333,-17.25,-0.0739327068030921,-0.0668993600930775,50.9337011258299,51.3205351948807,-0.184294871794872,44.863782051282,49.0393394573309
26,"Tee Higgins","WR","Cin",0,0,0,0,0,0,0,0,80,1089,8,125,98.8,235.4,14.7,16,10,"wr1",-24.4083333333333,-22.45,-0.0939474612695256,-0.0870661237153384,49.8328896301761,50.2113631956564,-0.239850427350428,41.8082264957265,47.284159773853
27,"DJ Moore","WR","Car",0,0,0,0,0,8,54,0,80,1165,5,134,98.6,224.9,14.1,16,13,"wr2",11.1416666666667,10.1,0.0521227242602628,0.0470204841713221,25.2509453822463,25.1284916201117,0.54891304347826,37.1739130434783,29.1844500152788
28,"Saquon Barkley","RB","NYG",0,0,0,0,0,223,903,6,52,418,2,70,98.8,229.9,16.4,14,15,"rb2",7.91666666666666,8.00000000000003,0.035663338088445,0.03605227579991,25.8915834522111,25.9013068949977,0.183486238532111,29.5871559633028,27.1266821035039
29,"Nick Chubb","RB","Cle",0,0,0,0,0,240,1174,7,26,224,1,35,99.3,226.2,15.1,15,17,"rb2",4.21666666666664,4.30000000000001,0.0189954200765822,0.0193780982424516,25.4748855019146,25.4844524560613,0.0986238532110094,27.4655963302752,26.1416447627504
30,"Mike Evans","WR","TB",0,0,0,0,0,0,0,0,73,1015,8,119,99.3,218,13.6,16,15,"wr2",4.24166666666667,3.19999999999999,0.0198432809637052,0.0148975791433891,24.4762387431289,24.3575418994413,0.17391304347826,28.1739130434782,25.6692312286828
31,"Jaylen Waddle","WR","Mia",0,0,0,0,0,8,48,0,90,962,6,130,99,234.4,14.6,16,11,"wr1",-25.4083333333333,-23.45,-0.0977964525130705,-0.0909443474888502,49.6211951117811,49.9980608881132,-0.250534188034188,41.2206196581196,46.946625219338
32,"Michael Pittman Jr.","WR","Ind",0,0,0,0,0,5,30,0,86,1054,6,129,98.1,228.9,14.3,16,12,"wr1",-30.9083333333333,-28.95,-0.118965904352568,-0.112274578243165,48.4568752606088,48.8248981966259,-0.309294871794872,37.988782051282,45.0901851695056
33,"David Montgomery","RB","Chi",0,0,0,0,0,220,882,7,46,332,2,59,97,222.6,14.8,15,18,"rb2",0.616666666666646,0.700000000000017,0.00277798633531036,0.00315457413249219,25.0694496583828,25.0788643533123,0.01605504587156,25.401376146789,25.183230052828
34,"J.K. Dobbins","RB","Bal",0,0,0,0,0,202,956,9,35,260,1,46,94.9,227.9,15.2,15,16,"rb2",5.91666666666666,6.00000000000003,0.0266536526766273,0.0270392068499325,25.6663413169157,25.6759801712483,0.137614678899083,28.4403669724771,26.5942294868804
35,"Breece Hall","RB","NYJ",0,0,0,0,0,241,1063,6,35,257,1,46,94,216.8,14.5,15,21,"rb2",-5.18333333333334,-5.09999999999997,-0.0233501013589609,-0.0229833258224424,24.416247466026,24.4254168544389,-0.116972477064219,22.0756880733945,23.6391174646198
36,"Ezekiel Elliott","RB","Dal",0,0,0,0,0,209,880,8,41,286,2,56,97.4,221.2,14.7,15,19,"rb2",-0.78333333333336,-0.699999999999989,-0.00352879345296205,-0.00315457413249206,24.9117801636759,24.9211356466877,-0.0160550458715594,24.598623853211,24.8105132211916
37,"A.J. Brown","WR","Phi",0,0,0,0,0,0,0,0,74,1058,7,120,99,216.4,13.5,16,17,"wr2",2.64166666666668,1.59999999999999,0.0123581926630541,0.00744878957169457,24.2965966239133,24.1787709497207,0.0869565217391301,26.0869565217391,24.854108031791
38,"Terry McLaurin","WR","Wsh",0,0,0,0,0,0,0,0,77,1071,6,125,98.1,216.4,13.5,16,18,"wr2",2.64166666666668,1.59999999999999,0.0123581926630541,0.00744878957169457,24.2965966239133,24.1787709497207,0.0869565217391301,26.0869565217391,24.854108031791
39,"Diontae Johnson","WR","Pit",0,0,0,0,0,4,26,0,87,1065,4,141,96.2,213.2,13.3,16,19,"wr2",-0.558333333333337,-1.60000000000002,-0.00261198393824804,-0.00744878957169471,23.937312385482,23.8212290502793,-0.0869565217391316,21.9130434782608,23.2238616380074
40,"Josh Jacobs","RB","LV",0,0,0,0,0,219,918,9,37,264,1,47,96.4,218.3,14.6,15,20,"rb2",-3.68333333333334,-3.59999999999997,-0.0165928373000976,-0.0162235241099593,24.5851790674976,24.594411897251,-0.0825688073394488,22.9357798165138,24.0384569270875
41,"Antonio Gibson","RB","Wsh",0,0,0,0,0,233,987,9,29,211,1,38,94.2,209.3,14,15,23,"rb2",-12.6833333333333,-12.6,-0.0571364216532773,-0.0567823343848579,23.5715894586681,23.5804416403786,-0.288990825688073,17.7752293577982,21.6424201522816
42,"Josh Allen","QB","Buf",369,575,4108,33,13,113,677,7,0,0,0,0,99.8,453.4,28.3,16,1,"QB1",67.4,71.75,0.174611398963731,0.187999475959649,11.7461139896373,11.8799947595965,0.633274492497794,16.3327449249779,13.3196178914039
43,"Mike Williams","WR","LAC",0,0,0,0,0,0,0,0,63,954,9,108,95.7,203,13.5,15,26,"wr3",4.43333333333334,3.80000000000001,0.0223266745005876,0.0190763052208836,10.2232667450059,10.1907630522088,0.296875000000001,12.96875,11.1275932657382
44,"Brandin Cooks","WR","Hou",0,0,0,0,0,4,24,0,85,1033,4,126,94.3,218.1,13.6,16,14,"wr2",4.34166666666667,3.29999999999998,0.0203110989824958,0.01536312849162,24.4874663755799,24.3687150837989,0.179347826086956,28.3043478260869,25.7201764284886
45,"Marquise Brown","WR","Ari",0,0,0,0,0,0,0,0,75,1027,6,119,92.7,208.2,13,16,22,"wr2",-5.55833333333334,-6.60000000000002,-0.0260028848777826,-0.0307262569832403,23.3759307629332,23.2625698324022,-0.358695652173914,15.3913043478261,20.6766016477205
46,"DK Metcalf","WR","Sea",0,0,0,0,0,0,0,0,74,1082,5,125,97,203,12.7,16,27,"wr3",4.43333333333334,3.80000000000001,0.0223266745005876,0.0190763052208836,10.2232667450059,10.1907630522088,0.296875000000001,12.96875,11.1275932657382
47,"Jerry Jeudy","WR","Den",0,0,0,0,0,4,24,0,71,1047,6,117,94,206.5,12.9,16,24,"wr2",-7.25833333333333,-8.30000000000001,-0.0339557911972242,-0.0386405959031658,23.1850610112666,23.072625698324,-0.45108695652174,13.1739130434782,19.810533251023
48,"Patrick Mahomes","QB","KC",395,614,4594,36,12,62,358,3,0,0,0,0,99.8,432.9,27.1,16,2,"QB1",46.9,51.25,0.121502590673575,0.134285339971178,11.2150259067358,11.3428533997118,0.45233892321271,14.5233892321271,12.3604228461915
49,"Courtland Sutton","WR","Den",0,0,0,0,0,0,0,0,65,963,8,111,91.2,202.5,12.7,16,28,"wr3",3.93333333333334,3.30000000000001,0.0198086285042807,0.016566265060241,10.1980862850428,10.1656626506024,0.257812500000001,12.578125,10.9806246452151
50,"Kyle Pitts","TE","Atl",0,0,0,0,0,0,0,0,75,960,4,118,99.5,194.8,12.2,16,3,"te1",15.6583333333333,17.8,0.0874075452388705,0.100564971751412,5.43703772619435,5.50282485875706,0.170498084291188,5.85249042145594,5.59745100213578
51,"Travis Etienne Jr.","RB","Jax",0,0,0,0,0,144,634,4,54,422,2,71,90.8,202.3,13.5,15,24,"rb2",-19.6833333333333,-19.6,-0.0886703205946393,-0.088328075709779,22.783241985134,22.7917981072555,-0.449541284403669,13.7614678899083,19.7788359940993
52,"Chris Godwin","WR","TB",0,0,0,0,0,4,24,0,77,884,6,107,93.4,209.9,14,15,20,"wr2",-3.85833333333332,-4.90000000000001,-0.0180499785583407,-0.0228119180633147,23.5668005145998,23.4525139664804,-0.266304347826087,17.6086956521739,21.5426700444181
53,"Amon-Ra St. Brown","WR","Det",0,0,0,0,0,13,79,1,80,875,5,113,93.2,217.3,13.6,16,16,"wr2",3.54166666666669,2.5,0.0165685548321704,0.0116387337057728,24.3976453159721,24.2793296089385,0.135869565217391,27.2608695652174,25.3126148300427
54,"Darnell Mooney","WR","Chi",0,0,0,0,0,4,25,0,76,1086,4,128,91.6,204.3,12.8,16,25,"wr3",5.73333333333335,5.10000000000002,0.0288735940909855,0.0256024096385543,10.2887359409099,10.2560240963855,0.398437500000001,13.984375,11.5097116790985
55,"Justin Herbert","QB","LAC",379,579,4259,34,12,58,270,3,0,0,0,0,99.6,410.1,25.6,16,3,"QB1",24.1,28.45,0.0624352331606218,0.0745447399449759,10.6243523316062,10.7454473994498,0.251103265666373,12.5110326566637,11.2936107959066
56,"Amari Cooper","WR","Cle",0,0,0,0,0,0,0,0,78,909,6,116,91.9,207.7,13,16,23,"wr2",-6.05833333333334,-7.10000000000002,-0.028341974971736,-0.0330540037243949,23.3197926006783,23.2067039106145,-0.385869565217392,14.7391304347826,20.4218756486918
57,"Gabriel Davis","WR","Buf",0,0,0,0,0,0,0,0,63,919,9,106,88.7,200.3,12.5,16,30,"wr3",1.73333333333335,1.10000000000002,0.00872922612053055,0.00552208835341377,10.0872922612053,10.0552208835341,0.0859375000000017,10.859375,10.3339627149132
58,"Michael Thomas","WR","NO",0,0,0,0,0,0,0,0,76,820,5,107,91.7,193.8,13.8,14,34,"wr3",-4.76666666666665,-5.39999999999998,-0.0240053718314587,-0.0271084337349396,9.75994628168541,9.7289156626506,-0.421874999999998,5.78125000000002,8.42337064811201
59,"Elijah Mitchell","RB","SF",0,0,0,0,0,248,1040,8,26,181,1,33,90.9,200.4,13.4,15,25,"rb3",22.9916666666667,24.7,0.129597444689746,0.140580535002846,9.03677955751797,9.12464428002277,0.638242894056848,13.1059431524548,10.4224556633318
60,"Miles Sanders","RB","Phi",0,0,0,0,0,221,1079,5,32,260,1,43,89.7,212.4,14.2,15,22,"rb2",-9.58333333333334,-9.49999999999997,-0.0431714092649599,-0.0428120775123928,23.920714768376,23.9296980621902,-0.21788990825688,19.552752293578,22.4677217080481
61,"Devin Singletary","RB","Buf",0,0,0,0,0,200,908,7,31,207,1,41,88.5,194.4,13,15,26,"rb3",16.9916666666667,18.7,0.0957771619146038,0.106431417188389,8.76621729531683,8.85145133750711,0.483204134366925,11.8656330749354,9.82776723591978
62,"Cordarrelle Patterson","RB","Atl",0,0,0,0,0,134,546,3,45,395,2,60,89.8,172.9,12.3,14,32,"rb3",-4.50833333333333,-2.79999999999998,-0.025412184696322,-0.0159362549800796,7.79670252242942,7.87250996015936,-0.07235142118863,7.42118863049096,7.69680037102658
63,"Darren Waller","TE","LV",0,0,0,0,0,0,0,0,68,881,5,106,98.9,186.7,11.7,16,5,"te1",7.55833333333331,9.69999999999999,0.0421919337581987,0.0548022598870056,5.21095966879099,5.27401129943503,0.0929118773946359,5.46455938697318,5.31651011839973
64,"George Kittle","TE","SF",0,0,0,0,0,2,12,0,66,818,5,95,98,182.8,12.2,15,6,"te1",3.65833333333333,5.80000000000001,0.0204214541563939,0.032768361581921,5.10210727078197,5.1638418079096,0.0555555555555557,5.27777777777778,5.18124228548978
65,"Allen Robinson II","WR","LAR",0,0,0,0,0,0,0,0,71,920,6,119,88.5,191.5,12,16,36,"wr3",-7.06666666666666,-7.69999999999999,-0.0355883834144704,-0.0386546184738955,9.6441161658553,9.61345381526104,-0.601562499999999,3.98437500000001,7.74731499370545
66,"Hunter Renfrow","WR","LV",0,0,0,0,0,4,23,0,79,805,6,106,89.9,208.5,13,16,21,"wr2",-5.25833333333333,-6.30000000000001,-0.0245994308214104,-0.0293296089385475,23.4096136602861,23.2960893854749,-0.342391304347827,15.7826086956522,20.8294372471377
67,"Adam Thielen","WR","Min",0,0,0,0,0,0,0,0,73,797,7,105,89.4,197.5,13.2,15,32,"wr3",-1.06666666666666,-1.69999999999999,-0.00537183145878796,-0.00853413654618468,9.94628168541212,9.91465863453815,-0.132812499999999,8.67187500000001,9.51093843998343
68,"Drake London","WR","Atl",0,0,0,0,0,0,0,0,74,930,4,118,85.3,188.3,11.8,16,39,"wr4",7.94166666666666,8.65000000000001,0.044032712655362,0.0481491789590871,1.04403271265536,1.04814917895909,0.445876288659794,1.44587628865979,1.17935272675808
69,"Rashod Bateman","WR","Bal",0,0,0,0,0,0,0,0,76,930,5,117,85.3,196,12.3,16,33,"wr3",-2.56666666666666,-3.19999999999999,-0.0129259694477086,-0.0160642570281124,9.87074030552292,9.83935742971888,-0.249999999999999,7.50000000000001,9.07003257841393
70,"Lamar Jackson","QB","Bal",308,477,3420,23,14,160,924,4,0,0,0,0,98.9,367,22.9,16,8,"QB1",-19,-14.65,-0.0492227979274611,-0.0383859557185903,9.50777202072539,9.6161404428141,-0.129302736098852,8.70697263901148,9.27696170085032
71,"Dalton Schultz","TE","Dal",0,0,0,0,0,0,0,0,76,711,5,101,95.1,188.8,11.8,16,4,"te1",9.65833333333333,11.8,0.0539144996976322,0.0666666666666667,5.26957249848816,5.33333333333333,0.113026819923372,5.56513409961686,5.38934664381279
72,"JuJu Smith-Schuster","WR","KC",0,0,0,0,0,0,0,0,75,837,7,113,90.3,198.1,12.4,16,31,"wr3",-0.466666666666669,-1.09999999999999,-0.00235017626321975,-0.00552208835341363,9.9764982373678,9.94477911646586,-0.0859374999999995,9.14062500000001,9.68730078461122
73,"Tyler Lockett","WR","Sea",0,0,0,0,0,2,11,0,79,947,4,114,89,200.6,12.5,16,29,"wr3",2.03333333333333,1.40000000000001,0.0102400537183146,0.00702811244979923,10.1024005371831,10.070281124498,0.109375,11.09375,10.422143887227
74,"DeVonta Smith","WR","Phi",0,0,0,0,0,0,0,0,65,872,7,106,86.6,188.9,11.8,16,38,"wr4",8.54166666666666,9.25,0.0473594233701427,0.0514890064013359,1.04735942337014,1.05148900640134,0.47680412371134,1.47680412371134,1.19188418449427
75,"Kadarius Toney","WR","NYG",0,0,0,0,0,4,23,0,75,879,4,112,80.8,191.4,12.8,15,37,"wr4",11.0416666666667,11.75,0.0612207180150625,0.0654049540773727,1.06122071801506,1.06540495407737,0.605670103092783,1.60567010309278,1.24409859172841
76,"Kareem Hunt","RB","Cle",0,0,0,0,0,123,548,4,47,405,2,61,88.1,189.9,12.7,15,27,"rb3",12.4916666666667,14.2,0.0704119498332473,0.0808195788275471,8.56329559866598,8.64655663062038,0.366925064599483,10.9354005167959,9.38175091536074
77,"Clyde Edwards-Helaire","RB","KC",0,0,0,0,0,146,660,5,37,284,2,50,87.6,179.5,12,15,29,"rb3",2.09166666666667,3.80000000000001,0.0117901263563343,0.0216277746158225,8.09432101085067,8.17302219692658,0.0981912144702845,8.78552971576228,8.35095764117984
78,"Damien Harris","RB","NE",0,0,0,0,0,189,822,10,18,123,1,23,86.7,175.7,11.7,15,30,"rb3",-1.70833333333334,0,-0.00962938606792245,0,7.92296491145662,8,0,8,7.97432163715221
79,"Kyler Murray","QB","Ari",371,566,4107,25,13,97,492,5,0,0,0,0,95.6,377.5,23.6,16,7,"QB1",-8.5,-4.14999999999998,-0.022020725388601,-0.0108738372854709,9.77979274611399,9.89126162714529,-0.0366284201235656,9.63371579876434,9.76825672400788
80,"Jalen Hurts","QB","Phi",277,449,3298,23,11,132,721,9,0,0,0,0,94.8,351,23.4,15,11,"QB1",-35,-30.65,-0.0906735751295337,-0.0803091838071531,9.09326424870466,9.19690816192847,-0.270520741394528,7.29479258605472,8.52832166556262
81,"Dak Prescott","QB","Dal",388,595,4392,33,11,52,196,3,0,0,0,0,92.8,388.4,24.3,16,5,"QB1",2.39999999999998,6.75,0.00621761658031082,0.0176863618498624,10.0621761658031,10.1768636184986,0.059576345984113,10.5957634598411,10.2782677480476
82,"Tom Brady","QB","TB",425,638,4543,34,12,28,42,2,0,0,0,0,94.1,402.9,25.2,16,4,"QB1",16.9,21.25,0.0437823834196891,0.0556792873051225,10.4378238341969,10.5567928730512,0.187555163283319,11.8755516328332,10.9567227800271
83,"Aaron Rodgers","QB","GB",373,565,4156,33,7,36,138,2,0,0,0,0,93.4,385.8,24.1,16,6,"QB1",-0.199999999999989,4.15000000000003,-0.000518134715025877,0.0108738372854711,9.99481865284974,10.1087383728547,0.0366284201235661,10.3662842012357,10.1566137423134
84,"Joe Burrow","QB","Cin",368,552,4201,30,12,50,170,3,0,0,0,0,92.2,360.3,22.5,16,10,"QB1",-25.7,-21.35,-0.066580310880829,-0.0559413074806759,9.33419689119171,9.44058692519324,-0.188437775816416,8.11562224183584,8.9634686860736
85,"Russell Wilson","QB","Den",342,543,4082,30,10,64,303,2,0,0,0,0,90.2,340.1,21.3,16,12,"QB1",-45.9,-41.55,-0.118911917098446,-0.108869382942486,8.81088082901555,8.91130617057513,-0.366725507502206,6.33274492497794,8.01831064152287
86,"T.J. Hockenson","TE","Det",0,0,0,0,0,0,0,0,68,701,5,100,93.3,171.2,10.7,16,7,"te1",-7.94166666666669,-5.80000000000001,-0.0443317672233336,-0.032768361581921,4.77834116388333,4.8361581920904,-0.0555555555555557,4.72222222222222,4.77890719273198
87,"Christian Kirk","WR","Jax",0,0,0,0,0,0,0,0,77,865,4,112,83,192.2,12,16,35,"wr3",-6.36666666666667,-7,-0.0320631190196408,-0.035140562248996,9.67936880980359,9.64859437751004,-0.546875,4.53125,7.95307106243788
88,"Garrett Wilson","WR","NYJ",0,0,0,0,0,2,12,0,67,868,5,110,80.8,183.1,11.4,16,41,"wr4",2.74166666666665,3.44999999999999,0.0152012197939286,0.0192040077929306,1.01520121979393,1.01920400779293,0.177835051546391,1.17783505154639,1.07074675971108
89,"Elijah Moore","WR","NYJ",0,0,0,0,0,6,38,0,64,882,5,110,82.4,180.3,11.3,16,42,"wr4",-0.0583333333333371,0.650000000000006,-0.000323430208381484,0.00361814639576958,0.999676569791619,1.00361814639577,0.0335051546391755,1.03350515463918,1.01226662360885
90,"Allen Lazard","WR","GB",0,0,0,0,0,4,26,0,60,784,7,92,83.1,184.1,12.3,15,40,"wr4",3.74166666666665,4.44999999999999,0.0207457376518966,0.0247703868633453,1.0207457376519,1.02477038686335,0.229381443298968,1.22938144329897,1.09163252260474
92,"Brandon Aiyuk","WR","SF",0,0,0,0,0,2,15,0,62,806,6,99,81.8,178.5,11.2,16,44,"wr4",-1.85833333333335,-1.15000000000001,-0.0103035623527238,-0.00640133593097693,0.989696437647276,0.993598664069023,-0.0592783505154642,0.940721649484536,0.974672250400278
93,"Chase Claypool","WR","Pit",0,0,0,0,0,12,72,1,60,863,4,106,81.3,172,10.7,16,48,"wr4",-8.35833333333335,-7.65000000000001,-0.0463429284295154,-0.0425827998886724,0.953657071570485,0.957417200111328,-0.394329896907217,0.605670103092783,0.838914791591532
94,"Robert Woods","WR","Ten",0,0,0,0,0,2,15,0,69,838,4,106,77.1,179,11.9,15,43,"wr4",-1.35833333333335,-0.650000000000006,-0.00753130342373986,-0.00361814639576958,0.99246869657626,0.99638185360423,-0.0335051546391755,0.966494845360824,0.985115131847105
95,"Tony Pollard","RB","Dal",0,0,0,0,0,159,770,4,36,270,1,45,86,184.5,12.3,15,28,"rb3",7.09166666666667,8.80000000000001,0.0399736953356193,0.0500853727945362,8.31978956268495,8.40068298235629,0.227390180878553,9.81912144702843,8.84653133068989
96,"Rhamondre Stevenson","RB","NE",0,0,0,0,0,154,655,6,35,269,1,45,79.3,175.7,11.7,15,31,"rb3",-1.70833333333334,0,-0.00962938606792245,0,7.92296491145662,8,0,8,7.97432163715221
97,"AJ Dillon","RB","GB",0,0,0,0,0,174,746,5,28,207,1,34,84.7,161.7,10.8,15,36,"rb3",-15.7083333333333,-14,-0.0885433792099207,-0.0796812749003984,7.29165296632064,7.36254980079681,-0.361757105943152,5.10594315245478,6.58671530652408
98,"Chase Edmonds","RB","Mia",0,0,0,0,0,100,468,3,48,334,2,62,80.6,162.8,10.9,15,35,"rb3",-14.6083333333333,-12.9,-0.0823429940344778,-0.0734206033010813,7.34125604772418,7.41263517359135,-0.333333333333333,5.33333333333334,6.69574151821629
99,"James Robinson","RB","Jax",0,0,0,0,0,169,755,6,26,196,1,36,78.7,165,11.8,14,34,"rb3",-12.4083333333333,-10.7,-0.0699422236835925,-0.0608992601024473,7.44046221053126,7.51280591918042,-0.276485788113695,5.78811369509044,6.91379394160071
100,"Matthew Stafford","QB","LAR",380,573,4327,32,14,35,82,1,0,0,0,0,86.8,362.6,22.7,16,9,"QB1",-23.4,-19.05,-0.060621761658031,-0.049914843442945,9.39378238341969,9.50085156557055,-0.168137687555163,8.31862312444837,9.0710856911462
101,"Trey Lance","QB","SF",297,457,3488,22,12,113,519,4,0,0,0,0,83.6,328.8,20.5,16,15,"QB2",26.8416666666667,31.45,0.088891955291845,0.105767613922986,1.08889195529185,1.10576761392299,0.498415213946117,1.49841521394612,1.23102492772032
102,"Dallas Goedert","TE","Phi",0,0,0,0,0,0,0,0,58,688,4,82,89.8,155.4,10.4,15,8,"te1",-23.7416666666667,-21.6,-0.132530120481928,-0.122033898305085,4.33734939759036,4.38983050847458,-0.206896551724138,3.96551724137931,4.23089904914808
103,"Zach Ertz","TE","Ari",0,0,0,0,0,0,0,0,59,619,5,89,88,148.2,9.3,16,10,"te1",-30.9416666666667,-28.8,-0.172721775131414,-0.16271186440678,4.13639112434293,4.1864406779661,-0.275862068965517,3.62068965517241,3.98117381916048
104,"Mike Gesicki","TE","Mia",0,0,0,0,0,0,0,0,56,622,5,89,86.4,144,9,16,12,"te1",-35.1416666666667,-33,-0.196166907010281,-0.186440677966102,4.0191654649486,4.06779661016949,-0.316091954022989,3.41954022988506,3.83550076833438
105,"Pat Freiermuth","TE","Pit",0,0,0,0,0,0,0,0,63,563,4,88,82.1,149.3,9.3,16,9,"te1",-29.8416666666667,-27.7,-0.166581383448853,-0.156497175141243,4.16709308275573,4.21751412429379,-0.265325670498084,3.67337164750958,4.01932628485303
106,"Rashaad Penny","RB","Sea",0,0,0,0,0,169,810,5,26,195,1,34,82,166.4,12.8,13,33,"rb3",-11.0083333333333,-9.29999999999998,-0.0620508243693926,-0.0529311326124074,7.50359340504486,7.57655093910074,-0.240310077519379,6.07751937984497,7.05255457466352
107,"Kenneth Walker III","RB","Sea",0,0,0,0,0,156,684,4,21,155,1,28,75.5,134.4,9,15,42,"rb4",0.366666666666674,1.54999999999998,0.0027356379010197,0.0116672939405343,1.00273563790102,1.01166729394053,0.0459940652818986,1.0459940652819,1.02013233237448
108,"Chris Olave","WR","NO",0,0,0,0,0,0,0,0,60,853,6,100,79.6,172.9,10.8,16,46,"wr4",-7.45833333333334,-6.75,-0.0413528623573442,-0.0375730587252992,0.958647137642656,0.962426941274701,-0.347938144329897,0.652061855670103,0.85771197819582
111,"Jakobi Meyers","WR","NE",0,0,0,0,0,0,0,0,71,779,4,106,71.6,173.2,10.8,16,45,"wr4",-7.15833333333336,-6.45000000000002,-0.0396895069999539,-0.0359031450041749,0.960310493000046,0.964096854995825,-0.332474226804124,0.667525773195875,0.863977707063916
114,"Tyler Boyd","WR","Cin",0,0,0,0,0,2,13,0,67,741,4,96,64,172.6,10.8,16,47,"wr4",-7.75833333333335,-7.05000000000001,-0.0430162177147347,-0.0392429724464237,0.956983782285265,0.960757027553576,-0.363402061855671,0.636597938144329,0.851446249327724
115,"James Cook","RB","Buf",0,0,0,0,0,84,363,2,43,324,2,56,75.4,142.8,9.5,15,41,"rb4",8.76666666666668,9.94999999999999,0.0654066152698335,0.0748964998118177,1.06540661526983,1.07489649981182,0.295252225519287,1.29525222551929,1.14518511353365
116,"Michael Carter","RB","NYJ",0,0,0,0,0,99,424,3,43,367,2,61,74.4,149.5,10,15,37,"rb4",15.4666666666667,16.65,0.115394180552101,0.125329318780579,1.1153941805521,1.12532931878058,0.494065281899109,1.49406528189911,1.24492959374393
117,"Melvin Gordon III","RB","Den",0,0,0,0,0,139,604,6,25,187,1,33,76.6,148.6,9.9,15,39,"rb4",14.5666666666667,15.75,0.108679432976871,0.118554761008656,1.10867943297687,1.11855476100866,0.467359050445103,1.4673590504451,1.23153108147688
118,"Nyheim Hines","RB","Ind",0,0,0,0,0,60,266,2,52,408,2,70,60.8,149.3,10,15,38,"rb4",15.2666666666667,16.45,0.113902014424273,0.12382386149793,1.11390201442427,1.12382386149793,0.488130563798219,1.48813056379822,1.24195214657347
119,"Hunter Henry","TE","NE",0,0,0,0,0,0,0,0,52,563,6,78,80.5,145.3,9.1,16,11,"te1",-33.8416666666667,-31.7,-0.188910080476346,-0.17909604519774,4.05544959761827,4.1045197740113,-0.303639846743295,3.48180076628353,3.88059004597103
120,"Dawson Knox","TE","Buf",0,0,0,0,0,0,0,0,46,557,6,71,82.5,134.7,9,15,17,"te2",2.59166666666667,0.899999999999977,0.0196177379675771,0.00672645739910297,1.01961773796758,1.0067264573991,0.0398230088495565,1.03982300884956,1.02205573473875
121,"Noah Fant","TE","Sea",0,0,0,0,0,0,0,0,60,616,3,85,71.7,142.7,8.9,16,13,"te2",10.5916666666667,8.89999999999998,0.0801740995395194,0.0665171898355753,1.08017409953952,1.06651718983558,0.393805309734512,1.39380530973451,1.18016553303654
122,"Cole Kmet","TE","Chi",0,0,0,0,0,0,0,0,56,601,4,85,57.1,137.1,8.6,16,15,"te2",4.99166666666667,3.29999999999998,0.0377846464391598,0.0246636771300447,1.03778464643916,1.02466367713004,0.146017699115044,1.14601769911504,1.06948867422808
123,"Derek Carr","QB","LV",386,579,4183,27,12,32,102,1,0,0,0,0,82.4,330.9,20.7,16,14,"QB2",28.9416666666667,33.55,0.0958465571960811,0.11282999831848,1.09584655719608,1.11282999831848,0.531695721077654,1.53169572107765,1.24679075886407
124,"Kirk Cousins","QB","Min",371,563,4110,29,10,28,97,1,0,0,0,0,67.2,338.9,21.2,16,13,"QB2",36.9416666666667,41.55,0.122340278736029,0.139734319825122,1.12234027873603,1.13973431982512,0.658478605388272,1.65847860538827,1.30685106798314
132,"Irv Smith Jr.","TE","Min",0,0,0,0,0,0,0,0,53,524,5,75,45.4,139.7,8.7,16,14,"te2",7.59166666666667,5.89999999999998,0.057465463950041,0.0440956651718982,1.05746546395004,1.0440956651719,0.261061946902654,1.26106194690265,1.12087435867486
133,"David Njoku","TE","Cle",0,0,0,0,0,0,0,0,47,582,5,71,43.1,135,8.4,16,16,"te2",2.89166666666668,1.19999999999999,0.021888601526525,0.00896860986547077,1.02188860152652,1.00896860986547,0.0530973451327429,1.05309734513274,1.02798485217491
134,"Tyler Higbee","TE","LAR",0,0,0,0,0,0,0,0,52,502,5,72,37.7,134.3,9,15,18,"te2",2.19166666666669,0.5,0.0165899198889802,0.00373692077727952,1.01658991988898,1.00373692077728,0.0221238938053097,1.02212389380531,1.01415024482386
135,"Trevor Lawrence","QB","Jax",366,576,3885,23,15,64,307,2,0,0,0,0,40.7,300.1,18.8,16,17,"QB2",-1.85833333333329,2.75,-0.00615427073271685,0.00924836051790819,0.993845729267283,1.00924836051791,0.043581616481775,1.04358161648178,1.01555856875566
136,"Tua Tagovailoa","QB","Mia",355,534,3757,25,12,50,171,3,0,0,0,0,50.6,319.5,21.3,15,16,"QB2",17.5416666666667,22.15,0.0580930040016559,0.074491340171515,1.05809300400166,1.07449134017152,0.351030110935024,1.35103011093502,1.1612048183694
138,"Dameon Pierce","RB","Hou",0,0,0,0,0,146,627,4,23,166,1,29,29.4,131.3,8.8,15,43,"rb4",-2.73333333333332,-1.55000000000001,-0.0203929370803282,-0.0116672939405345,0.979607062919672,0.988332706059465,-0.0459940652818994,0.954005934718101,0.973981901232413
139,"J.D. McKissic","RB","Wsh",0,0,0,0,0,62,278,2,50,389,1,65,41.1,146.1,9.7,15,40,"rb4",12.0666666666667,13.25,0.0900273563790102,0.0997365449755361,1.09002735637901,1.09973654497554,0.393175074183975,1.39317507418398,1.19431299184617
140,"Raheem Mostert","RB","Mia",0,0,0,0,0,125,649,4,13,101,1,18,40.4,126.5,9.7,13,44,"rb4",-7.53333333333333,-6.35000000000002,-0.0562049241482218,-0.0477982687241251,0.943795075851778,0.952201731275875,-0.188427299703265,0.811572700296735,0.902523169141463
141,"Bills D/ST","D/ST","Buf",0,0,0,0,0,0,0,0,0,0,0,0,99,183.9,10.8,17,2,"def1",17.4166666666667,22.15,0.104615076584243,0.13693972179289,1.10461507658424,1.13693972179289,0.569408740359897,1.5694087403599,1.27032117957901
142,"Saints D/ST","D/ST","NO",0,0,0,0,0,0,0,0,0,0,0,0,98.6,188.6,11.1,17,1,"def1",22.1166666666666,26.85,0.132846130743818,0.165996908809892,1.13284613074382,1.16599690880989,0.690231362467866,1.69023136246787,1.32969146734053
143,"Packers D/ST","D/ST","GB",0,0,0,0,0,0,0,0,0,0,0,0,94.2,177.6,10.4,17,4,"def1",11.1166666666666,15.85,0.0667734507958753,0.0979907264296754,1.06677345079588,1.09799072642968,0.40745501285347,1.40745501285347,1.19073973002634
144,"Ravens D/ST","D/ST","Bal",0,0,0,0,0,0,0,0,0,0,0,0,93.2,180.4,10.6,17,3,"def1",13.9166666666667,18.65,0.0835919511462608,0.115301391035549,1.08359195114626,1.11530139103555,0.479434447300771,1.47943444730077,1.22610926316086
145,"49ers D/ST","D/ST","SF",0,0,0,0,0,0,0,0,0,0,0,0,92.5,162.8,9.6,17,6,"def1",-3.68333333333334,1.05000000000001,-0.0221243367704475,0.00649149922720254,0.977875663229552,1.0064914992272,0.0269922879177381,1.02699228791774,1.00378648345816
146,"Buccaneers D/ST","D/ST","TB",0,0,0,0,0,0,0,0,0,0,0,0,90.5,154.3,9.1,17,10,"def1",-12.1833333333333,-7.44999999999999,-0.0731804985484033,-0.0460587326120556,0.926819501451597,0.953941267387944,-0.191516709511568,0.808483290488432,0.896414686442658
147,"Cowboys D/ST","D/ST","Dal",0,0,0,0,0,0,0,0,0,0,0,0,81,158.9,9.3,17,8,"def1",-7.58333333333334,-2.84999999999999,-0.0455501051156272,-0.0176197836166924,0.954449894884373,0.982380216383308,-0.0732647814910024,0.926735218508998,0.954521776592226
148,"Colts D/ST","D/ST","Ind",0,0,0,0,0,0,0,0,0,0,0,0,82.6,168,9.9,17,5,"def1",1.51666666666665,6.25,0.00911002102312535,0.0386398763523957,1.00911002102313,1.0386398763524,0.160668380462725,1.16066838046272,1.06947275927942
149,"Commanders D/ST","D/ST","Wsh",0,0,0,0,0,0,0,0,0,0,0,0,65.5,160.7,9.5,17,7,"def1",-5.78333333333336,-1.05000000000001,-0.0347382120332367,-0.00649149922720254,0.965261787966763,0.993508500772798,-0.0269922879177381,0.973007712082262,0.977259333607274
150,"Steelers D/ST","D/ST","Pit",0,0,0,0,0,0,0,0,0,0,0,0,58.7,158.9,9.3,17,9,"def1",-7.58333333333334,-2.84999999999999,-0.0455501051156272,-0.0176197836166924,0.954449894884373,0.982380216383308,-0.0732647814910024,0.926735218508998,0.954521776592226
151,"Justin Tucker","K","Bal",0,0,0,0,0,0,0,0,0,0,0,0,99.6,143.4,8.4,17,4,"k1",6.11666666666667,5.90000000000001,0.044555056452592,0.042909090909091,1.04455505645259,1.04290909090909,0.315508021390374,1.31550802139037,1.13432405625069
152,"Evan McPherson","K","Cin",0,0,0,0,0,0,0,0,0,0,0,0,99.4,146.8,8.6,17,1,"k1",9.51666666666668,9.30000000000001,0.0693213548622072,0.0676363636363637,1.06932135486221,1.06763636363636,0.497326203208556,1.49732620320856,1.21142797390238
153,"Matt Gay","K","LAR",0,0,0,0,0,0,0,0,0,0,0,0,98.3,145.7,8.6,17,2,"k1",8.41666666666666,8.19999999999999,0.0613087289061551,0.0596363636363636,1.06130872890616,1.05963636363636,0.43850267379679,1.43850267379679,1.18648258877977
154,"Harrison Butker","K","KC",0,0,0,0,0,0,0,0,0,0,0,0,97.3,144,8.5,17,3,"k1",6.71666666666667,6.5,0.0489255797013476,0.0472727272727273,1.04892557970135,1.04727272727273,0.3475935828877,1.3475935828877,1.14793062995392
155,"Daniel Carlson","K","LV",0,0,0,0,0,0,0,0,0,0,0,0,91.5,137.2,8.1,17,7,"k1",-0.0833333333333428,-0.300000000000011,-0.000607017117882793,-0.00218181818181826,0.999392982882117,0.997818181818182,-0.0160427807486637,0.983957219251336,0.993722794650545
156,"Brandon McManus","K","Den",0,0,0,0,0,0,0,0,0,0,0,0,86.3,137.8,8.1,17,6,"k1",0.51666666666668,0.300000000000011,0.00376350613087299,0.00218181818181826,1.00376350613087,1.00218181818182,0.0160427807486637,1.01604278074866,1.00732936835378
157,"Nick Folk","K","NE",0,0,0,0,0,0,0,0,0,0,0,0,86.2,140.3,8.3,17,5,"k1",3.01666666666668,2.80000000000001,0.0219740196673547,0.0203636363636364,1.02197401966735,1.02036363636364,0.149732620320856,1.14973262032086,1.06402342545062
159,"Matt Prater","K","Ari",0,0,0,0,0,0,0,0,0,0,0,0,76,130.5,7.7,17,10,"k1",-6.78333333333333,-7,-0.0494111933956537,-0.0509090909090909,0.950588806604346,0.949090909090909,-0.374331550802139,0.625668449197861,0.841782721631039
160,"Graham Gano","K","NYG",0,0,0,0,0,0,0,0,0,0,0,0,51.1,131.5,7.7,17,9,"k1",-5.78333333333333,-6,-0.042126987981061,-0.0436363636363636,0.957873012018939,0.956363636363636,-0.320855614973262,0.679144385026738,0.864460344469771
161,"Marlon Mack","RB","Hou",0,0,0,0,0,139,610,4,18,122,0,24,35.4,119.5,8.5,14,47,"rb4",-14.5333333333333,-13.35,-0.108430738622233,-0.100489273616861,0.891569261377767,0.899510726383139,-0.396142433234422,0.603857566765578,0.798312518175495
171,"Isaiah Spiller","RB","LAC",0,0,0,0,0,136,588,4,18,131,1,23,20.7,122.5,8.2,15,45,"rb4",-11.5333333333333,-10.35,-0.0860482467047998,-0.0779074143771172,0.9139517532952,0.922092585622883,-0.307121661721069,0.692878338278931,0.842974225732338
172,"Evan Engram","TE","Jax",0,0,0,0,0,0,0,0,50,571,3,83,14,120.1,8,15,24,"te2",-12.0083333333333,-13.7,-0.0908976219012174,-0.102391629297459,0.909102378098783,0.897608370702541,-0.606194690265488,0.393805309734512,0.733505352845279
173,"Jamaal Williams","RB","Det",0,0,0,0,0,144,583,4,21,126,1,25,13.7,122.1,8.7,14,46,"rb4",-11.9333333333333,-10.75,-0.0890325789604576,-0.0809183289424165,0.910967421039542,0.919081671057584,-0.318991097922849,0.681008902077151,0.837019331391425
177,"Daniel Jones","QB","NYG",333,527,3721,20,12,73,381,3,0,0,0,0,8.9,283.3,18.9,15,22,"QB2",-18.6583333333333,-14.05,-0.0617910859666068,-0.0472507146460401,0.938208914033393,0.95274928535396,-0.222662440570523,0.777337559429477,0.88943191960561
185,"Austin Hooper","TE","Ten",0,0,0,0,0,0,0,0,50,493,4,74,10.1,126.7,8.4,15,21,"te2",-5.40833333333332,-7.10000000000001,-0.040938623604365,-0.0530642750373693,0.959061376395635,0.946935724962631,-0.314159292035399,0.685840707964601,0.863945936440956
188,"Hayden Hurst","TE","Cin",0,0,0,0,0,0,0,0,52,533,4,74,10.8,133.3,8.3,16,19,"te2",1.19166666666669,-0.5,0.00902037469248741,-0.00373692077727952,1.00902037469249,0.996263079222721,-0.0221238938053097,0.97787610619469,0.994386520036633
189,"Chargers D/ST","D/ST","LAC",0,0,0,0,0,0,0,0,0,0,0,0,46.9,149.7,8.8,17,12,"def1",-16.7833333333334,-12.05,-0.100810891981179,-0.0744976816074189,0.899189108018821,0.925502318392581,-0.309768637532134,0.690231362467866,0.838307596293089
191,"Greg Joseph","K","Min",0,0,0,0,0,0,0,0,0,0,0,0,20.5,132.3,7.8,17,8,"k1",-4.98333333333332,-5.19999999999999,-0.0362996236493868,-0.0378181818181817,0.963700376350613,0.962181818181818,-0.27807486631016,0.72192513368984,0.882602442740757
192,"Jake Elliott","K","Phi",0,0,0,0,0,0,0,0,0,0,0,0,28.1,129.8,7.6,17,11,"k1",-7.48333333333332,-7.69999999999999,-0.0545101371858685,-0.0559999999999999,0.945489862814131,0.944,-0.411764705882352,0.588235294117648,0.825908385643927
194,"Kenyan Drake","RB","LV",0,0,0,0,0,75,325,3,30,252,1,41,6.9,115.8,8.3,14,48,"rb4",-18.2333333333333,-17.05,-0.136035811987068,-0.128340233345879,0.863964188012932,0.871659766654121,-0.505934718100891,0.494065281899109,0.743229745522054
214,"Albert Okwuegbunam","TE","Den",0,0,0,0,0,0,0,0,46,469,5,61,11.7,125,7.8,16,23,"te2",-7.10833333333332,-8.80000000000001,-0.0538068504384027,-0.0657698056801197,0.946193149561597,0.93423019431988,-0.389380530973452,0.610619469026548,0.830347604302675
215,"Carson Wentz","QB","Wsh",337,525,3749,24,10,55,217,2,0,0,0,0,9.7,295.8,18.5,16,19,"QB2",-6.1583333333333,-1.55000000000001,-0.0203946460604387,-0.00521271229191193,0.979605353939561,0.994787287708088,-0.0245641838351824,0.975435816164818,0.983276152604156
220,"Ryan Tannehill","QB","Ten",334,509,3615,22,14,52,246,4,0,0,0,0,10,298.9,18.7,16,18,"QB2",-3.05833333333334,1.54999999999995,-0.0101283289637091,0.00521271229191173,0.989871671036291,1.00521271229191,0.0245641838351815,1.02456418383518,1.00654952238779
223,"Cade York","K","Cle",0,0,0,0,0,0,0,0,0,0,0,0,10.3,128.1,7.5,17,12,"k1",-9.18333333333334,-9.40000000000001,-0.0668932863906763,-0.0683636363636364,0.933106713609324,0.931636363636364,-0.502673796791444,0.497326203208556,0.787356426818081
243,"Jameis Winston","QB","NO",305,480,3480,23,13,68,322,2,0,0,0,0,13.6,275.8,18.4,15,24,"QB2",-26.1583333333333,-21.55,-0.0866289499103076,-0.0724735160585169,0.913371050089692,0.927526483941483,-0.341521394611728,0.658478605388272,0.833125379806482
244,"Mac Jones","QB","NE",350,537,3783,25,13,45,149,0,0,0,0,0,13.5,287.6,18,16,20,"QB2",-14.3583333333333,-9.75,-0.0475507106388849,-0.0327896418362199,0.952449289361115,0.96721035816378,-0.154516640253566,0.845483359746434,0.92171433575711
245,"Matt Ryan","QB","Ind",340,521,3775,23,11,38,114,2,0,0,0,0,13.1,279,17.4,16,23,"QB2",-22.9583333333333,-18.35,-0.0760314612943286,-0.0617117874558602,0.923968538705671,0.93828821254414,-0.290808240887481,0.709191759112519,0.85714950345411
246,"Gerald Everett","TE","LAC",0,0,0,0,0,0,0,0,50,510,4,72,6.9,130.2,8.1,16,20,"te2",-1.90833333333333,-3.60000000000002,-0.0144452154166404,-0.0269058295964127,0.98555478458336,0.973094170403587,-0.159292035398231,0.840707964601769,0.933118973196239
248,"Robert Tonyan","TE","GB",0,0,0,0,0,0,0,0,47,493,4,64,9.8,126.5,8.4,15,22,"te2",-5.60833333333332,-7.30000000000001,-0.0424525326436636,-0.0545590433482811,0.957547467356336,0.945440956651719,-0.323008849557523,0.676991150442477,0.859993191483511
253,"Bengals D/ST","D/ST","Cin",0,0,0,0,0,10,58,1,38,375,3,53,2.3,154,9.1,17,11,"def1",-12.4833333333333,-7.75,-0.0749824807288018,-0.0479134466769706,0.925017519271198,0.952086553323029,-0.199228791773779,0.800771208226221,0.892625093606816
266,"Jared Goff","QB","Det",0,0,0,0,0,0,0,0,46,631,4,78,2.6,284.9,17.8,16,21,"QB2",-17.0583333333333,-12.45,-0.0564923416586174,-0.0418698503447118,0.943507658341383,0.958130149655288,-0.1973058637084,0.8026941362916,0.901443981429424
